Workbook

Sheet 요약
A1: 월간 운영 요약
A2: 모닝브루 월간 운영 보고서
A3: 2026년 6월 | 가상 카페 · 예시 데이터 | 단위: 원
A5: 수정 안내: 상세 데이터의 판매량과 메뉴 분석의 노란 입력 셀을 변경하세요.
A7: 운영 지표 | B7: 금액·비율 | C7: 정의 | E7: 운영 제안
A8: 매출 | B8: =SUM('메뉴 분석'!E5:E7) -> 30905000 | C8: 판매금액 합계 | E8: 주말 판매량에 맞춰 발주와 근무 배치를 검토합니다.
A9: 재료비 | B9: =SUM('메뉴 분석'!F5:F7) -> 9042100 | C9: 판매량 × 개당 재료비
A10: 고정비 | B10: =SUM('메뉴 분석'!B11:B13) -> 9900000 | C10: 인건비·임차료·기타 | E10: • 가상 실적이며 세금·감가상각·이자·결제 수수료는 제외했습니다.
A11: 총비용 | B11: =SUM(B9:B10) -> 18942100 | C11: 재료비 + 고정비 | E11: • 파랑·노란 배경 = 수정 가능 / 검정 = 계산 / 초록 = 다른 시트 연결
A12: 순이익(단순 모형) | B12: =B8-B11 -> 11962900 | C12: 매출 − 총비용 | E12: • 판매량과 단가·비용을 수정하면 수식과 차트가 갱신됩니다.
A13: 순이익률 | B13: =IFERROR(B12/B8,0) -> 0.38708623 | C13: 순이익 ÷ 매출
A14: 판매 수량 | B14: =SUM('메뉴 분석'!D5:D7) -> 6000 | C14: 음료·디저트 합계
A15: 일평균 매출 | B15: =IFERROR(B8/COUNTA('상세 데이터'!A5:A34),0) -> 1030166.7 | C15: 매출 ÷ 영업일 수

Sheet 상세 데이터
A1: 일별 판매량과 매출
A2: 2026년 6월 | 전일 영업 가정 | 판매량: 개 · 매출: 원
A4: 영업일 | B4: 아메리카노 | C4: 카페라테 | D4: 치즈케이크 | E4: 매출
A5: 2026-06-01 | B5: 82 | C5: 48 | D5: 22 | E5: =B5*AmericanoPrice+C5*LattePrice+D5*CakePrice -> 776000
A6: 2026-06-02 | B6: 78 | C6: 46 | D6: 20 | E6: =B6*AmericanoPrice+C6*LattePrice+D6*CakePrice -> 734000
A7: 2026-06-03 | B7: 85 | C7: 51 | D7: 24 | E7: =B7*AmericanoPrice+C7*LattePrice+D7*CakePrice -> 819000
A8: 2026-06-04 | B8: 88 | C8: 53 | D8: 25 | E8: =B8*AmericanoPrice+C8*LattePrice+D8*CakePrice -> 850000
A9: 2026-06-05 | B9: 96 | C9: 60 | D9: 31 | E9: =B9*AmericanoPrice+C9*LattePrice+D9*CakePrice -> 963500
A10: 2026-06-06 | B10: 128 | C10: 82 | D10: 46 | E10: =B10*AmericanoPrice+C10*LattePrice+D10*CakePrice -> 1326000
A11: 2026-06-07 | B11: 119 | C11: 78 | D11: 43 | E11: =B11*AmericanoPrice+C11*LattePrice+D11*CakePrice -> 1244000
A12: 2026-06-08 | B12: 84 | C12: 50 | D12: 23 | E12: =B12*AmericanoPrice+C12*LattePrice+D12*CakePrice -> 802500
A13: 2026-06-09 | B13: 81 | C13: 48 | D13: 22 | E13: =B13*AmericanoPrice+C13*LattePrice+D13*CakePrice -> 771500
A14: 2026-06-10 | B14: 89 | C14: 54 | D14: 26 | E14: =B14*AmericanoPrice+C14*LattePrice+D14*CakePrice -> 866500
A15: 2026-06-11 | B15: 92 | C15: 56 | D15: 27 | E15: =B15*AmericanoPrice+C15*LattePrice+D15*CakePrice -> 897500
A16: 2026-06-12 | B16: 103 | C16: 64 | D16: 34 | E16: =B16*AmericanoPrice+C16*LattePrice+D16*CakePrice -> 1036500
... A34: 2026-06-30 | B34: 92 | C34: 56 | D34: 27 | E34: =B34*AmericanoPrice+C34*LattePrice+D34*CakePrice -> 897500

Sheet 메뉴 분석
A1: 메뉴별 매출과 비용 구조
A2: 금액: 원 · 판매량: 개 | 단가·비용은 가정값
A4: 메뉴 | B4: 판매 단가 | C4: 개당 재료비 | D4: 월 판매량 | E4: 매출 | F4: 재료비 | G4: 매출 비중
A5: 아메리카노 | B5: 4500 | C5: 1100 | D5: =SUM('상세 데이터'!B5:B34) -> 3086 | E5: =B5*D5 -> 13887000 | F5: =C5*D5 -> 3394600 | G5: =IFERROR(E5/SUM($E$5:$E$7),0) -> 0.44934477
A6: 카페라테 | B6: 5500 | C6: 1700 | D6: =SUM('상세 데이터'!C5:C34) -> 1923 | E6: =B6*D6 -> 10576500 | F6: =C6*D6 -> 3269100 | G6: =IFERROR(E6/SUM($E$5:$E$7),0) -> 0.34222618
A7: 치즈케이크 | B7: 6500 | C7: 2400 | D7: =SUM('상세 데이터'!D5:D34) -> 991 | E7: =B7*D7 -> 6441500 | F7: =C7*D7 -> 2378400 | G7: =IFERROR(E7/SUM($E$5:$E$7),0) -> 0.20842906
A10: 고정비 항목 | B10: 월 비용(원)
A11: 인건비 | B11: 6800000
A12: 임차료 | B12: 2200000
A13: 기타 운영비 | B13: 900000

Sheet 차트
A1: 매출 추이와 메뉴별 비중
A2: 입력값을 바꾸면 연결된 차트도 갱신됩니다.
A4: 메뉴 | B4: 매출 비중 | D4: 기간(6일 단위) | E4: 매출(원)
A5: 아메리카노 | B5: ='메뉴 분석'!G5 -> 0.44934477 | D5: 06-01 ~ 06-06 | E5: =SUM('상세 데이터'!E5:E10) -> 5468500
A6: 카페라테 | B6: ='메뉴 분석'!G6 -> 0.34222618 | D6: 06-07 ~ 06-12 | E6: =SUM('상세 데이터'!E11:E16) -> 5618500
A7: 치즈케이크 | B7: ='메뉴 분석'!G7 -> 0.20842906 | D7: 06-13 ~ 06-18 | E7: =SUM('상세 데이터'!E17:E22) -> 6210000
D8: 06-19 ~ 06-24 | E8: =SUM('상세 데이터'!E23:E28) -> 6645000
D9: 06-25 ~ 06-30 | E9: =SUM('상세 데이터'!E29:E34) -> 6963000

Sheet Checks
A1: 검증 항목 | B1: 통과 여부
A2: 전체 검증 | B2: =AND(B3:B6) -> TRUE
A3: 일별·메뉴별 매출 일치 | B3: =SUM('상세 데이터'!E5:E34)=SUM('메뉴 분석'!E5:E7) -> TRUE
A4: 손익 계산 일치 | B4: =요약!B8-요약!B9-요약!B10=요약!B12 -> TRUE
A5: 메뉴별 비중 합계 | B5: =ROUND(SUM('메뉴 분석'!G5:G7),10)=1 -> TRUE
A6: 판매량 합계 일치 | B6: =SUM('상세 데이터'!B5:D34)=요약!B14 -> TRUE
