Workbook

Sheet Inputs
A1: 파란 글자 = 입력값, 검은 글자 = 수식
A2: 노란 칸 = 검토 후 채울 값
A3: 단위: 억 원 (예시 가정)
A5: 가정 | B5: 값
A6: 2025년 매출 (억 원) | B6: 7340
A7: 연 매출 성장률 | B7: 0.18
A8: 매출총이익률 | B8: 0.62
A9: 판관비율 | B9: 0.47

Sheet Model
A1: 항목 (억 원) | B1: 2025 | C1: 2026 | D1: 2027 | E1: 2028 | F1: 2029 | G1: 2030
A2: 매출 | B2: =Inputs!B6 -> 7340 | C2: =B2*(1+Growth) -> 8661.2 | D2: =C2*(1+Growth) -> 10220.216 | E2: =D2*(1+Growth) -> 12059.855 | F2: =E2*(1+Growth) -> 14230.629 | G2: =F2*(1+Growth) -> 16792.142
A3: 매출총이익 | B3: =B2*Inputs!$B$8 -> 4550.8 | C3: =C2*Inputs!$B$8 -> 5369.944 | D3: =D2*Inputs!$B$8 -> 6336.5339 | E3: =E2*Inputs!$B$8 -> 7477.11 | F3: =F2*Inputs!$B$8 -> 8822.9898 | G3: =G2*Inputs!$B$8 -> 10411.128
A4: 판관비 | B4: =B2*Inputs!$B$9 -> 3449.8 | C4: =C2*Inputs!$B$9 -> 4070.764 | D4: =D2*Inputs!$B$9 -> 4803.5015 | E4: =E2*Inputs!$B$9 -> 5668.1318 | F4: =F2*Inputs!$B$9 -> 6688.3955 | G4: =G2*Inputs!$B$9 -> 7892.3067
A5: 영업이익 | B5: =B3-B4 -> 1101 | C5: =C3-C4 -> 1299.18 | D5: =D3-D4 -> 1533.0324 | E5: =E3-E4 -> 1808.9782 | F5: =F3-F4 -> 2134.5943 | G5: =G3-G4 -> 2518.8213
A6: 영업이익률 | B6: =IFERROR(B5/B2,0) -> 0.15 | C6: =IFERROR(C5/C2,0) -> 0.15 | D6: =IFERROR(D5/D2,0) -> 0.15 | E6: =IFERROR(E5/E2,0) -> 0.15 | F6: =IFERROR(F5/F2,0) -> 0.15 | G6: =IFERROR(G5/G2,0) -> 0.15

Sheet Checks
A1: 모든 검증 통과 | B1: =AND(B3:B4) -> TRUE
A3: 영업이익 = 매출총이익 − 판관비 (2030) | B3: =ROUND(Model!G5-(Model!G3-Model!G4),2)=0 -> TRUE
A4: 2030 매출 = 2025 매출 × (1+성장률)^5 | B4: =ROUND(Model!G2-Model!B2*(1+Growth)^5,2)=0 -> TRUE
