Workbook

Sheet Report
A1: SAAS METRICS · 2026-09
A2: 확장이 이탈을 앞서며 MRR이 1년 만에 두 배를 넘었다
A3: 2025-10 ~ 2026-09 · 단위: 백만 원 · 예시 수치
A5: 기말 MRR | B5: 12개월 순증 | C5: 순 매출 유지율 | D5: 고객 수
A6: =Data!F13 -> 1812 | B6: =SUM(Data!E2:E13) -> 992 | C6: =(Inputs!B3+SUM(Data!C2:C13)-SUM(Data!D2:D13))/Inputs!B3 -> 1.0926829 | D6: =Data!G13 -> 1580
A7: 2026-09 말 | B7: 2025-10 ~ 2026-09 | C7: 기초 고객 기준 | D7: 2026-09 말
A9: 월 | B9: 기말 MRR | C9: 순증 MRR
A10: =Data!A2 -> 2025-10 | B10: =Data!F2 -> 879 | C10: =Data!E2 -> 59
A11: =Data!A3 -> 2025-11 | B11: =Data!F3 -> 933 | C11: =Data!E3 -> 54
A12: =Data!A4 -> 2025-12 | B12: =Data!F4 -> 995 | C12: =Data!E4 -> 62
A13: =Data!A5 -> 2026-01 | B13: =Data!F5 -> 1069 | C13: =Data!E5 -> 74
A14: =Data!A6 -> 2026-02 | B14: =Data!F6 -> 1139 | C14: =Data!E6 -> 70
A15: =Data!A7 -> 2026-03 | B15: =Data!F7 -> 1216 | C15: =Data!E7 -> 77
A16: =Data!A8 -> 2026-04 | B16: =Data!F8 -> 1305 | C16: =Data!E8 -> 89
A17: =Data!A9 -> 2026-05 | B17: =Data!F9 -> 1390 | C17: =Data!E9 -> 85
A18: =Data!A10 -> 2026-06 | B18: =Data!F10 -> 1484 | C18: =Data!E10 -> 94
A19: =Data!A11 -> 2026-07 | B19: =Data!F11 -> 1587 | C19: =Data!E11 -> 103
A20: =Data!A12 -> 2026-08 | B20: =Data!F12 -> 1695 | C20: =Data!E12 -> 108
A21: =Data!A13 -> 2026-09 | B21: =Data!F13 -> 1812 | C21: =Data!E13 -> 117

Sheet Data
A1: 월 | B1: 신규 MRR | C1: 확장 MRR | D1: 이탈 MRR | E1: 순증 MRR | F1: 기말 MRR | G1: 고객 수
A2: 2025-10 | B2: 62 | C2: 18 | D2: 21 | E2: =B2+C2-D2 -> 59 | F2: =Inputs!B3+E2 -> 879 | G2: 1210
A3: 2025-11 | B3: 58 | C3: 20 | D3: 24 | E3: =B3+C3-D3 -> 54 | F3: =F2+E3 -> 933 | G3: 1236
A4: 2025-12 | B4: 65 | C4: 19 | D4: 22 | E4: =B4+C4-D4 -> 62 | F4: =F3+E4 -> 995 | G4: 1265
A5: 2026-01 | B5: 71 | C5: 23 | D5: 20 | E5: =B5+C5-D5 -> 74 | F5: =F4+E5 -> 1069 | G5: 1298
A6: 2026-02 | B6: 68 | C6: 25 | D6: 23 | E6: =B6+C6-D6 -> 70 | F6: =F5+E6 -> 1139 | G6: 1327
A7: 2026-03 | B7: 74 | C7: 24 | D7: 21 | E7: =B7+C7-D7 -> 77 | F7: =F6+E7 -> 1216 | G7: 1359
A8: 2026-04 | B8: 80 | C8: 28 | D8: 19 | E8: =B8+C8-D8 -> 89 | F8: =F7+E8 -> 1305 | G8: 1394
A9: 2026-05 | B9: 77 | C9: 30 | D9: 22 | E9: =B9+C9-D9 -> 85 | F9: =F8+E9 -> 1390 | G9: 1426
A10: 2026-06 | B10: 85 | C10: 29 | D10: 20 | E10: =B10+C10-D10 -> 94 | F10: =F9+E10 -> 1484 | G10: 1463
A11: 2026-07 | B11: 88 | C11: 33 | D11: 18 | E11: =B11+C11-D11 -> 103 | F11: =F10+E11 -> 1587 | G11: 1499
A12: 2026-08 | B12: 92 | C12: 35 | D12: 19 | E12: =B12+C12-D12 -> 108 | F12: =F11+E12 -> 1695 | G12: 1538
A13: 2026-09 | B13: 96 | C13: 38 | D13: 17 | E13: =B13+C13-D13 -> 117 | F13: =F12+E13 -> 1812 | G13: 1580

Sheet Inputs
A1: 항목 | B1: 값
A2: 기준 월 | B2: 2025-09
A3: 기초 MRR (백만 원) | B3: 820
