Workbook
Name Excel_BuiltIn_Print_Area: [1]벤치마크!$A$1:$D$27

Sheet 요약
A1: 제품 사용 안내
A2: Mixdog 사용보고서
A3: 버전 0.9.165 · 근거 README.md · Terminal-Bench 2.1
A5: 요지
A6: Mixdog는 같은 모델에서 비용과 최종 context를 줄이면서 성공률은 동등하거나 높다. 아래 값은 벤치마크 시트의 수식이다.
A8: 핵심 지표
A9: 항목 | B9: 값 | C9: 의미
A10: Sol 비용 절감 | B10: ='TB21'!D10 -> 0.39130435 | C10: 1 − Mixdog/Codex 비용
A11: Sol context 절감 | B11: ='TB21'!D11 -> 0.4606414 | C11: 1 − Mixdog/Codex context
A12: Sol 성공률 | B12: ='TB21'!B13 -> 0.86516854 | C12: 통과÷445
A13: Opus 비용 절감 | B13: ='TB21'!D18 -> 0.19286433 | C13: 1 − Mixdog/Claude Code 비용
A14: Opus context 절감 | B14: ='TB21'!D19 -> 0.27748691 | C14: 1 − Mixdog/Claude Code context
A15: Opus 속도 (상대÷Mixdog) | B15: ='TB21'!D22 -> 1.1606557 | C15: Claude Code 시간 ÷ Mixdog 시간
A17: 지표 | B17: Sol 절감 | C17: Opus 절감
A18: 비용 | B18: ='TB21'!D10 -> 0.39130435 | C18: ='TB21'!D18 -> 0.19286433
A19: context | B19: ='TB21'!D11 -> 0.4606414 | C19: ='TB21'!D19 -> 0.27748691

Sheet TB21
A1: 입력과 계산
A2: Terminal-Bench 2.1 · 같은 89과제 · Harbor verifier · fast mode off
A3: 파란 글자 = README 입력. 검은 글자 = 수식. 비용은 API 정가 환산이며 구독 청구액이 아님.
A5: Sol trials (k=5) | B5: 445 | C5: 회
A6: Opus tasks (k=1) | B6: 89 | C6: 과제
A8: GPT-5.6 Sol xhigh — Mixdog vs Codex CLI
A9: 지표 | B9: Mixdog | C9: Codex CLI | D9: 계산
A10: 비용 (USD/trial) | B10: 0.476 | C10: 0.782 | D10: =1-B10/C10 -> 0.39130435
A11: 최종 context (tokens) | B11: 18500 | C11: 34300 | D11: =1-B11/C11 -> 0.4606414
A12: 통과 (건) | B12: 385 | C12: 383 | D12: =B12-C12 -> 2
A13: 성공률 | B13: =B12/$B$5 -> 0.86516854 | C13: =C12/$B$5 -> 0.86067416 | D13: =B13-C13 -> 0.004494382
A14: 시험 시간 (s) | B14: 415 | C14: 437 | D14: =C14/B14 -> 1.053012
A16: Claude Opus 5 — Mixdog vs Claude Code
A17: 지표 | B17: Mixdog | C17: Claude Code | D17: 계산
A18: 비용 (USD/run) | B18: 104.29 | C18: 129.21 | D18: =1-B18/C18 -> 0.19286433
A19: 최종 context (tokens) | B19: 27600 | C19: 38200 | D19: =1-B19/C19 -> 0.27748691
A20: 통과 (건) | B20: 79 | C20: 77 | D20: =B20-C20 -> 2
A21: 성공률 | B21: =B20/$B$6 -> 0.88764045 | C21: =C20/$B$6 -> 0.86516854 | D21: =B21-C21 -> 0.02247191
A22: 시험 시간 (s) | B22: 610 | C22: 708 | D22: =C22/B22 -> 1.1606557
A24: 차트용 절감
A25: 지표 | B25: Sol 절감 | C25: Opus 절감
A26: 비용 | B26: =D10 -> 0.39130435 | C26: =D18 -> 0.19286433
A27: context | B27: =D11 -> 0.4606414 | C27: =D19 -> 0.27748691

Sheet 시작명령
A1: 시작 명령
A2: 출처: README.md Run 절. 전체 옵션은 mixdog --help.
A4: 명령 | B4: 의미
A5: mixdog | B5: 현재 프로젝트에서 대화형 세션 시작
A6: mixdog --workflow solo | B6: Solo 워크플로(기본). Lead가 위임 없이 직접 수행
A7: mixdog --readonly | B7: 읽기 전용 도구만 사용
A8: mixdog --help | B8: 전체 옵션 참조
A10: 권장 첫 사용
A11: 1 | B11: Desktop 설치 파일 또는 npm으로 CLI를 설치한다.
A12: 2 | B12: 첫 실행에서 제공자를 인증하고 모델을 고른다.
A13: 3 | B13: 프로젝트 폴더에서 할 일을 지시한다. 기본 워크플로는 Solo다.
A14: 4 | B14: 브라우저나 Windows 앱 조작이 필요하면 첫 호출 승인 후에 쓴다.
A15: 5 | B15: 오래 걸리는 목표는 Goal로 묶어 완료 조건을 명시한다.

Sheet 제공자
A1: 제공자
A2: 구독 OAuth와 API 키. 임의 OpenAI 호환 엔드포인트 레지스트리가 아니며 Ollama·LM Studio 경로는 은퇴했다.
A4: 제공자 | B4: 인증
A5: Anthropic | B5: API 키, Claude 계정 OAuth
A6: OpenAI | B6: API 키, ChatGPT/Codex 계정 OAuth
A7: Google Gemini | B7: API 키, Antigravity OAuth
A8: xAI | B8: API 키, Grok 계정 OAuth
A9: OpenRouter | B9: API 키
A10: Cursor | B10: 실험적 계정 OAuth
A11: DeepSeek / OpenCode Go | B11: 지원
A12: Local Provider | B12: mixdog-local
A14: Local Provider는 Windows x64와 NVIDIA GPU, 선택한 모델을 담을 VRAM이 필요하다. 확장 → Plugin → Local Provider.
